Rank,Name,Email,Similarity,Experience
1,Lily Johnson,lily.johnson@gmail.com,100.0,4 yrs
2,Noah Thompson,noah.thompson@outlook.com,80.49,7 yrs
3,Lily Wilson,lily.wilson@gmail.com,78.7,6 yrs
4,Grace Wright,grace.wright@outlook.com,75.67,8 yrs
5,Jack White,jack.white@yahoo.com,75.67,5 yrs
6,Amelia Clarke,amelia.clarke@protonmail.com,75.67,3 yrs
7,Mia Brown,mia.brown@outlook.com,71.13,7 yrs
8,Harry White,harry.white@outlook.com,71.13,6 yrs
9,Oscar Brown,oscar.brown@gmail.com,70.2,7 yrs
10,Henry Johnson,henry.johnson@yahoo.com,70.2,8 yrs
11,Jack Edwards,jack.edwards@yahoo.com,70.2,3 yrs
12,Leo Wood,leo.wood@protonmail.com,70.2,3 yrs
13,Mia Edwards,mia.edwards@outlook.com,68.1,7 yrs
14,Leo Robinson,leo.robinson@protonmail.com,68.1,4 yrs
15,Charlie Johnson,charlie.johnson@gmail.com,68.1,7 yrs
16,Sophia Taylor,sophia.taylor@yahoo.com,65.66,8 yrs
17,Isla Walker,isla.walker@gmail.com,65.66,5 yrs
18,Charlie Jones,charlie.jones@yahoo.com,65.66,6 yrs
19,Noah Thompson,noah.thompson@outlook.com,65.66,7 yrs
20,Arthur Walker,arthur.walker@gmail.com,65.66,4 yrs
21,Jack Hall,jack.hall@protonmail.com,65.66,8 yrs
22,Lily Green,lily.green@gmail.com,65.66,6 yrs
23,Oscar Wilson,oscar.wilson@gmail.com,63.55,3 yrs
24,Harry Taylor,harry.taylor@yahoo.com,63.55,8 yrs
25,Harry Hall,harry.hall@yahoo.com,62.63,4 yrs
26,Henry Robinson,henry.robinson@gmail.com,62.63,3 yrs
27,Mia Patel,mia.patel@yahoo.com,62.63,3 yrs
28,Sophia Wood,sophia.wood@gmail.com,62.63,3 yrs
29,Charlie Jones,charlie.jones@gmail.com,62.63,3 yrs
30,Oscar Williams,oscar.williams@outlook.com,62.63,5 yrs
31,Amelia Walker,amelia.walker@gmail.com,62.63,5 yrs
32,Freya White,freya.white@gmail.com,62.63,7 yrs
33,Lily White,lily.white@outlook.com,62.63,8 yrs
34,Grace Brown,grace.brown@outlook.com,62.63,8 yrs
35,Ava Wilson,ava.wilson@protonmail.com,62.63,6 yrs
36,Amelia Williams,amelia.williams@outlook.com,58.08,3 yrs
37,Charlie Wilson,charlie.wilson@outlook.com,58.08,6 yrs
38,Charlie Williams,charlie.williams@outlook.com,58.08,7 yrs
39,Emily Jones,emily.jones@protonmail.com,58.08,8 yrs
40,Grace Johnson,grace.johnson@gmail.com,56.14,3 yrs
41,Emily Taylor,emily.taylor@gmail.com,55.05,7 yrs
42,Jack Smith,jack.smith@yahoo.com,55.05,5 yrs
43,Emily Wright,emily.wright@outlook.com,51.59,5 yrs
44,Isla Green,isla.green@gmail.com,51.59,8 yrs
45,Olivia Davies,olivia.davies@gmail.com,51.59,5 yrs
46,Mia Robinson,mia.robinson@protonmail.com,51.59,4 yrs
47,George Hall,george.hall@protonmail.com,50.51,8 yrs
48,Emily Green,emily.green@yahoo.com,50.51,6 yrs
49,Mia Thompson,mia.thompson@protonmail.com,50.51,5 yrs
50,Mia Wilson,mia.wilson@outlook.com,50.51,3 yrs
51,Lily Green,lily.green@yahoo.com,50.51,8 yrs
52,Noah Thompson,noah.thompson@outlook.com,50.51,4 yrs
53,Noah Clarke,noah.clarke@outlook.com,50.51,8 yrs
54,Olivia White,olivia.white@yahoo.com,50.51,5 yrs
55,Oscar Patel,oscar.patel@yahoo.com,50.51,5 yrs
56,Emily Green,emily.green@gmail.com,48.56,5 yrs
57,Henry Edwards,henry.edwards@gmail.com,48.56,8 yrs
58,Ava Wilson,ava.wilson@outlook.com,48.56,3 yrs
59,Charlie Taylor,charlie.taylor@yahoo.com,48.56,7 yrs
60,Jack Wilson,jack.wilson@yahoo.com,48.56,4 yrs
61,Oscar Green,oscar.green@yahoo.com,48.56,4 yrs
62,Arthur Davies,arthur.davies@outlook.com,48.56,5 yrs
63,Lily Wood,lily.wood@yahoo.com,44.02,5 yrs
64,George Wright,george.wright@yahoo.com,44.02,5 yrs
65,Freya Taylor,freya.taylor@yahoo.com,44.02,8 yrs
66,Charlie Walker,charlie.walker@gmail.com,44.02,7 yrs
67,Sophia Robinson,sophia.robinson@yahoo.com,44.02,4 yrs
68,Grace Wood,grace.wood@gmail.com,44.02,7 yrs
69,Emily Edwards,emily.edwards@outlook.com,44.02,4 yrs
70,Henry Wilson,henry.wilson@protonmail.com,44.02,5 yrs
71,Oliver Johnson,oliver.johnson@yahoo.com,40.99,4 yrs
72,Jack Johnson,jack.johnson@protonmail.com,40.99,6 yrs
73,Isla White,isla.white@protonmail.com,40.99,8 yrs
74,Arthur Taylor,arthur.taylor@gmail.com,40.99,5 yrs
75,Harry Davies,harry.davies@yahoo.com,36.44,8 yrs
76,Henry Clarke,henry.clarke@protonmail.com,36.44,7 yrs
77,Leo Wood,leo.wood@yahoo.com,36.44,5 yrs
78,Arthur Robinson,arthur.robinson@gmail.com,36.44,3 yrs
79,Arthur Hall,arthur.hall@outlook.com,36.44,6 yrs
80,Harry Davies,harry.davies@gmail.com,36.44,6 yrs
81,George Patel,george.patel@outlook.com,35.56,5 yrs
82,Mia Clarke,mia.clarke@outlook.com,35.56,7 yrs
83,Oliver Patel,oliver.patel@protonmail.com,35.56,6 yrs
84,Isla Johnson,isla.johnson@protonmail.com,35.56,4 yrs
85,Henry Wright,henry.wright@protonmail.com,32.53,5 yrs
86,Ava Wilson,ava.wilson@protonmail.com,27.99,5 yrs
87,Mia Wood,mia.wood@gmail.com,27.99,7 yrs
88,Emily Davies,emily.davies@yahoo.com,27.99,3 yrs
89,Lily Davies,lily.davies@outlook.com,27.99,8 yrs
90,Arthur Robinson,arthur.robinson@gmail.com,27.99,7 yrs
91,Oliver Jones,oliver.jones@outlook.com,27.99,4 yrs
92,Olivia Walker,olivia.walker@outlook.com,27.99,3 yrs
93,Grace Hall,grace.hall@protonmail.com,27.99,3 yrs
94,Isla Edwards,isla.edwards@gmail.com,27.99,8 yrs
95,Lily Green,lily.green@outlook.com,20.41,7 yrs
96,Emily Hughes,emily.hughes@protonmail.com,20.41,3 yrs
97,Ava Wood,ava.wood@outlook.com,20.41,7 yrs
98,George Brown,george.brown@outlook.com,20.41,4 yrs
99,Oscar Brown,oscar.brown@gmail.com,0.0,5 yrs
100,Sophia Walker,sophia.walker@outlook.com,0.0,4 yrs
